index,filename,label,x,y,x1,y1,x2,y2,width_px,height_px,width_mm,height_mm,is_sample
1,16-30-50-400.png,arteri,384,193,384,193,515,316,131,123,6.25,5.87,yes
2,16-30-50-434.png,,0,0,0,0,0,0,0,0,0,0,no
3,16-30-50-468.png,,0,0,0,0,0,0,0,0,0,0,no
4,16-30-50-529.png,,0,0,0,0,0,0,0,0,0,0,no
5,16-30-50-583.png,,0,0,0,0,0,0,0,0,0,0,no
6,16-30-50-625.png,,0,0,0,0,0,0,0,0,0,0,no
7,16-30-50-672.png,,0,0,0,0,0,0,0,0,0,0,no
8,16-30-50-718.png,,0,0,0,0,0,0,0,0,0,0,no
9,16-30-50-756.png,,0,0,0,0,0,0,0,0,0,0,no
10,16-30-50-803.png,,0,0,0,0,0,0,0,0,0,0,no
11,16-30-50-846.png,,0,0,0,0,0,0,0,0,0,0,no
12,16-30-50-879.png,,0,0,0,0,0,0,0,0,0,0,no
13,16-30-50-912.png,,0,0,0,0,0,0,0,0,0,0,no
14,16-30-50-945.png,,0,0,0,0,0,0,0,0,0,0,no
15,16-30-50-980.png,,0,0,0,0,0,0,0,0,0,0,no
16,16-30-51-023.png,,0,0,0,0,0,0,0,0,0,0,no
17,16-30-51-071.png,,0,0,0,0,0,0,0,0,0,0,no
18,16-30-51-114.png,,0,0,0,0,0,0,0,0,0,0,no
19,16-30-51-158.png,,0,0,0,0,0,0,0,0,0,0,no
20,16-30-51-201.png,,0,0,0,0,0,0,0,0,0,0,no
21,16-30-51-246.png,,0,0,0,0,0,0,0,0,0,0,no
22,16-30-51-279.png,,0,0,0,0,0,0,0,0,0,0,no
23,16-30-51-312.png,,0,0,0,0,0,0,0,0,0,0,no
24,16-30-51-345.png,,0,0,0,0,0,0,0,0,0,0,no
25,16-30-51-393.png,arteri,468,185,468,185,586,311,118,126,5.63,6.01,yes
26,16-30-51-435.png,,0,0,0,0,0,0,0,0,0,0,no
27,16-30-51-479.png,,0,0,0,0,0,0,0,0,0,0,no
28,16-30-51-526.png,,0,0,0,0,0,0,0,0,0,0,no
29,16-30-51-570.png,,0,0,0,0,0,0,0,0,0,0,no
30,16-30-51-614.png,,0,0,0,0,0,0,0,0,0,0,no
31,16-30-51-657.png,,0,0,0,0,0,0,0,0,0,0,no
32,16-30-51-690.png,,0,0,0,0,0,0,0,0,0,0,no
33,16-30-51-725.png,,0,0,0,0,0,0,0,0,0,0,no
34,16-30-51-764.png,,0,0,0,0,0,0,0,0,0,0,no
35,16-30-51-816.png,,0,0,0,0,0,0,0,0,0,0,no
36,16-30-51-856.png,,0,0,0,0,0,0,0,0,0,0,no
37,16-30-51-890.png,,0,0,0,0,0,0,0,0,0,0,no
38,16-30-51-936.png,,0,0,0,0,0,0,0,0,0,0,no
39,16-30-51-982.png,,0,0,0,0,0,0,0,0,0,0,no
40,16-30-52-024.png,,0,0,0,0,0,0,0,0,0,0,no
41,16-30-52-071.png,,0,0,0,0,0,0,0,0,0,0,no
42,16-30-52-117.png,,0,0,0,0,0,0,0,0,0,0,no
43,16-30-52-160.png,,0,0,0,0,0,0,0,0,0,0,no
44,16-30-52-207.png,,0,0,0,0,0,0,0,0,0,0,no
45,16-30-52-249.png,,0,0,0,0,0,0,0,0,0,0,no
46,16-30-52-294.png,,0,0,0,0,0,0,0,0,0,0,no
47,16-30-52-340.png,,0,0,0,0,0,0,0,0,0,0,no
48,16-30-52-380.png,,0,0,0,0,0,0,0,0,0,0,no
49,16-30-52-428.png,,0,0,0,0,0,0,0,0,0,0,no
50,16-30-52-469.png,arteri,505,188,505,188,614,300,109,112,5.2,5.34,yes
51,16-30-52-512.png,,0,0,0,0,0,0,0,0,0,0,no
52,16-30-52-545.png,,0,0,0,0,0,0,0,0,0,0,no
53,16-30-52-592.png,,0,0,0,0,0,0,0,0,0,0,no
54,16-30-52-635.png,,0,0,0,0,0,0,0,0,0,0,no
55,16-30-52-680.png,,0,0,0,0,0,0,0,0,0,0,no
56,16-30-52-728.png,,0,0,0,0,0,0,0,0,0,0,no
57,16-30-52-770.png,,0,0,0,0,0,0,0,0,0,0,no
58,16-30-52-815.png,,0,0,0,0,0,0,0,0,0,0,no
59,16-30-52-860.png,,0,0,0,0,0,0,0,0,0,0,no
60,16-30-52-903.png,,0,0,0,0,0,0,0,0,0,0,no
61,16-30-52-948.png,,0,0,0,0,0,0,0,0,0,0,no
62,16-30-52-994.png,,0,0,0,0,0,0,0,0,0,0,no
63,16-30-53-028.png,,0,0,0,0,0,0,0,0,0,0,no
64,16-30-53-068.png,,0,0,0,0,0,0,0,0,0,0,no
65,16-30-53-116.png,,0,0,0,0,0,0,0,0,0,0,no
66,16-30-53-159.png,,0,0,0,0,0,0,0,0,0,0,no
67,16-30-53-202.png,,0,0,0,0,0,0,0,0,0,0,no
68,16-30-53-235.png,,0,0,0,0,0,0,0,0,0,0,no
69,16-30-53-283.png,,0,0,0,0,0,0,0,0,0,0,no
70,16-30-53-331.png,,0,0,0,0,0,0,0,0,0,0,no
71,16-30-53-373.png,,0,0,0,0,0,0,0,0,0,0,no
72,16-30-53-416.png,,0,0,0,0,0,0,0,0,0,0,no
73,16-30-53-459.png,,0,0,0,0,0,0,0,0,0,0,no
74,16-30-53-505.png,arteri,397,222,397,222,518,345,121,123,5.77,5.87,yes
75,16-30-53-549.png,,0,0,0,0,0,0,0,0,0,0,no
76,16-30-53-590.png,,0,0,0,0,0,0,0,0,0,0,no
77,16-30-53-638.png,,0,0,0,0,0,0,0,0,0,0,no
78,16-30-53-679.png,,0,0,0,0,0,0,0,0,0,0,no
79,16-30-53-713.png,,0,0,0,0,0,0,0,0,0,0,no
80,16-30-53-747.png,,0,0,0,0,0,0,0,0,0,0,no
81,16-30-53-794.png,,0,0,0,0,0,0,0,0,0,0,no
82,16-30-53-837.png,,0,0,0,0,0,0,0,0,0,0,no
83,16-30-53-881.png,,0,0,0,0,0,0,0,0,0,0,no
84,16-30-53-932.png,,0,0,0,0,0,0,0,0,0,0,no
85,16-30-53-986.png,,0,0,0,0,0,0,0,0,0,0,no
86,16-30-54-038.png,,0,0,0,0,0,0,0,0,0,0,no
87,16-30-54-084.png,,0,0,0,0,0,0,0,0,0,0,no
88,16-30-54-127.png,,0,0,0,0,0,0,0,0,0,0,no
89,16-30-54-163.png,,0,0,0,0,0,0,0,0,0,0,no
90,16-30-54-205.png,,0,0,0,0,0,0,0,0,0,0,no
91,16-30-54-259.png,,0,0,0,0,0,0,0,0,0,0,no
92,16-30-54-301.png,,0,0,0,0,0,0,0,0,0,0,no
93,16-30-54-334.png,,0,0,0,0,0,0,0,0,0,0,no
94,16-30-54-367.png,,0,0,0,0,0,0,0,0,0,0,no
95,16-30-54-401.png,,0,0,0,0,0,0,0,0,0,0,no
96,16-30-54-450.png,,0,0,0,0,0,0,0,0,0,0,no
97,16-30-54-491.png,,0,0,0,0,0,0,0,0,0,0,no
98,16-30-54-536.png,,0,0,0,0,0,0,0,0,0,0,no
99,16-30-54-584.png,arteri,405,214,405,214,525,350,120,136,5.73,6.49,yes
100,16-30-54-625.png,,0,0,0,0,0,0,0,0,0,0,no
101,16-30-54-672.png,,0,0,0,0,0,0,0,0,0,0,no
102,16-30-54-714.png,,0,0,0,0,0,0,0,0,0,0,no
103,16-30-54-753.png,,0,0,0,0,0,0,0,0,0,0,no
104,16-30-54-789.png,,0,0,0,0,0,0,0,0,0,0,no
105,16-30-54-822.png,,0,0,0,0,0,0,0,0,0,0,no
106,16-30-54-858.png,,0,0,0,0,0,0,0,0,0,0,no
107,16-30-54-905.png,,0,0,0,0,0,0,0,0,0,0,no
108,16-30-54-947.png,,0,0,0,0,0,0,0,0,0,0,no
109,16-30-54-991.png,,0,0,0,0,0,0,0,0,0,0,no
110,16-30-55-038.png,,0,0,0,0,0,0,0,0,0,0,no
111,16-30-55-081.png,,0,0,0,0,0,0,0,0,0,0,no
112,16-30-55-128.png,,0,0,0,0,0,0,0,0,0,0,no
113,16-30-55-172.png,,0,0,0,0,0,0,0,0,0,0,no
114,16-30-55-213.png,,0,0,0,0,0,0,0,0,0,0,no
115,16-30-55-262.png,,0,0,0,0,0,0,0,0,0,0,no
116,16-30-55-302.png,,0,0,0,0,0,0,0,0,0,0,no
117,16-30-55-346.png,,0,0,0,0,0,0,0,0,0,0,no
118,16-30-55-395.png,,0,0,0,0,0,0,0,0,0,0,no
119,16-30-55-436.png,,0,0,0,0,0,0,0,0,0,0,no
120,16-30-55-481.png,,0,0,0,0,0,0,0,0,0,0,no
121,16-30-55-528.png,,0,0,0,0,0,0,0,0,0,0,no
122,16-30-55-564.png,,0,0,0,0,0,0,0,0,0,0,no
123,16-30-55-605.png,arteri,416,214,416,214,533,337,117,123,5.58,5.87,yes
124,16-30-55-652.png,,0,0,0,0,0,0,0,0,0,0,no
125,16-30-55-691.png,,0,0,0,0,0,0,0,0,0,0,no
126,16-30-55-735.png,,0,0,0,0,0,0,0,0,0,0,no
127,16-30-55-784.png,,0,0,0,0,0,0,0,0,0,0,no
128,16-30-55-826.png,,0,0,0,0,0,0,0,0,0,0,no
129,16-30-55-868.png,,0,0,0,0,0,0,0,0,0,0,no
130,16-30-55-917.png,,0,0,0,0,0,0,0,0,0,0,no
131,16-30-55-953.png,,0,0,0,0,0,0,0,0,0,0,no
132,16-30-55-991.png,,0,0,0,0,0,0,0,0,0,0,no
133,16-30-56-038.png,,0,0,0,0,0,0,0,0,0,0,no
134,16-30-56-082.png,,0,0,0,0,0,0,0,0,0,0,no
135,16-30-56-123.png,,0,0,0,0,0,0,0,0,0,0,no
136,16-30-56-158.png,,0,0,0,0,0,0,0,0,0,0,no
137,16-30-56-209.png,,0,0,0,0,0,0,0,0,0,0,no
138,16-30-56-261.png,,0,0,0,0,0,0,0,0,0,0,no
139,16-30-56-307.png,,0,0,0,0,0,0,0,0,0,0,no
140,16-30-56-349.png,,0,0,0,0,0,0,0,0,0,0,no
141,16-30-56-393.png,,0,0,0,0,0,0,0,0,0,0,no
142,16-30-56-436.png,,0,0,0,0,0,0,0,0,0,0,no
143,16-30-56-481.png,,0,0,0,0,0,0,0,0,0,0,no
144,16-30-56-526.png,,0,0,0,0,0,0,0,0,0,0,no
145,16-30-56-570.png,,0,0,0,0,0,0,0,0,0,0,no
146,16-30-56-612.png,,0,0,0,0,0,0,0,0,0,0,no
147,16-30-56-660.png,,0,0,0,0,0,0,0,0,0,0,no
148,16-30-56-701.png,arteri,450,214,450,214,567,340,117,126,5.58,6.01,yes
149,16-30-56-739.png,,0,0,0,0,0,0,0,0,0,0,no
150,16-30-56-783.png,,0,0,0,0,0,0,0,0,0,0,no
151,16-30-56-828.png,,0,0,0,0,0,0,0,0,0,0,no
152,16-30-56-869.png,,0,0,0,0,0,0,0,0,0,0,no
153,16-30-56-918.png,,0,0,0,0,0,0,0,0,0,0,no
154,16-30-56-960.png,,0,0,0,0,0,0,0,0,0,0,no
155,16-30-56-998.png,,0,0,0,0,0,0,0,0,0,0,no
156,16-30-57-037.png,,0,0,0,0,0,0,0,0,0,0,no
157,16-30-57-083.png,,0,0,0,0,0,0,0,0,0,0,no
158,16-30-57-124.png,,0,0,0,0,0,0,0,0,0,0,no
159,16-30-57-169.png,,0,0,0,0,0,0,0,0,0,0,no
160,16-30-57-215.png,,0,0,0,0,0,0,0,0,0,0,no
161,16-30-57-259.png,,0,0,0,0,0,0,0,0,0,0,no
162,16-30-57-304.png,,0,0,0,0,0,0,0,0,0,0,no
163,16-30-57-350.png,,0,0,0,0,0,0,0,0,0,0,no
164,16-30-57-392.png,,0,0,0,0,0,0,0,0,0,0,no
165,16-30-57-441.png,,0,0,0,0,0,0,0,0,0,0,no
166,16-30-57-480.png,,0,0,0,0,0,0,0,0,0,0,no
167,16-30-57-526.png,,0,0,0,0,0,0,0,0,0,0,no
168,16-30-57-573.png,,0,0,0,0,0,0,0,0,0,0,no
169,16-30-57-614.png,,0,0,0,0,0,0,0,0,0,0,no
170,16-30-57-657.png,,0,0,0,0,0,0,0,0,0,0,no
171,16-30-57-704.png,,0,0,0,0,0,0,0,0,0,0,no
172,16-30-57-740.png,arteri,444,206,444,206,557,334,113,128,5.39,6.11,yes
173,16-30-57-776.png,,0,0,0,0,0,0,0,0,0,0,no
174,16-30-57-816.png,,0,0,0,0,0,0,0,0,0,0,no
175,16-30-57-860.png,,0,0,0,0,0,0,0,0,0,0,no
176,16-30-57-904.png,,0,0,0,0,0,0,0,0,0,0,no
177,16-30-57-965.png,,0,0,0,0,0,0,0,0,0,0,no
178,16-30-58-029.png,,0,0,0,0,0,0,0,0,0,0,no
179,16-30-58-070.png,,0,0,0,0,0,0,0,0,0,0,no
180,16-30-58-114.png,,0,0,0,0,0,0,0,0,0,0,no
181,16-30-58-162.png,,0,0,0,0,0,0,0,0,0,0,no
182,16-30-58-198.png,,0,0,0,0,0,0,0,0,0,0,no
183,16-30-58-234.png,,0,0,0,0,0,0,0,0,0,0,no
184,16-30-58-270.png,,0,0,0,0,0,0,0,0,0,0,no
185,16-30-58-312.png,,0,0,0,0,0,0,0,0,0,0,no
186,16-30-58-348.png,,0,0,0,0,0,0,0,0,0,0,no
187,16-30-58-391.png,,0,0,0,0,0,0,0,0,0,0,no
188,16-30-58-434.png,,0,0,0,0,0,0,0,0,0,0,no
189,16-30-58-470.png,,0,0,0,0,0,0,0,0,0,0,no
190,16-30-58-518.png,,0,0,0,0,0,0,0,0,0,0,no
191,16-30-58-559.png,,0,0,0,0,0,0,0,0,0,0,no
192,16-30-58-604.png,,0,0,0,0,0,0,0,0,0,0,no
193,16-30-58-650.png,,0,0,0,0,0,0,0,0,0,0,no
194,16-30-58-691.png,,0,0,0,0,0,0,0,0,0,0,no
195,16-30-58-739.png,,0,0,0,0,0,0,0,0,0,0,no
196,16-30-58-781.png,,0,0,0,0,0,0,0,0,0,0,no
197,16-30-58-823.png,,0,0,0,0,0,0,0,0,0,0,yes
198,16-30-58-857.png,,0,0,0,0,0,0,0,0,0,0,no
199,16-30-58-891.png,,0,0,0,0,0,0,0,0,0,0,no
200,16-30-58-937.png,,0,0,0,0,0,0,0,0,0,0,no
201,16-30-58-981.png,,0,0,0,0,0,0,0,0,0,0,no
202,16-30-59-025.png,,0,0,0,0,0,0,0,0,0,0,no
203,16-30-59-070.png,,0,0,0,0,0,0,0,0,0,0,no
204,16-30-59-115.png,,0,0,0,0,0,0,0,0,0,0,no
205,16-30-59-161.png,,0,0,0,0,0,0,0,0,0,0,no
206,16-30-59-203.png,,0,0,0,0,0,0,0,0,0,0,no
207,16-30-59-247.png,,0,0,0,0,0,0,0,0,0,0,no
208,16-30-59-295.png,,0,0,0,0,0,0,0,0,0,0,no
209,16-30-59-337.png,,0,0,0,0,0,0,0,0,0,0,no
210,16-30-59-377.png,,0,0,0,0,0,0,0,0,0,0,no
211,16-30-59-426.png,,0,0,0,0,0,0,0,0,0,0,no
212,16-30-59-470.png,,0,0,0,0,0,0,0,0,0,0,no
213,16-30-59-515.png,,0,0,0,0,0,0,0,0,0,0,no
214,16-30-59-558.png,,0,0,0,0,0,0,0,0,0,0,no
215,16-30-59-603.png,,0,0,0,0,0,0,0,0,0,0,no
216,16-30-59-652.png,,0,0,0,0,0,0,0,0,0,0,no
217,16-30-59-704.png,,0,0,0,0,0,0,0,0,0,0,no
218,16-30-59-752.png,,0,0,0,0,0,0,0,0,0,0,no
219,16-30-59-793.png,,0,0,0,0,0,0,0,0,0,0,no
220,16-30-59-836.png,,0,0,0,0,0,0,0,0,0,0,no
221,16-30-59-883.png,arteri,546,167,546,167,669,293,123,126,5.87,6.01,yes
222,16-30-59-925.png,,0,0,0,0,0,0,0,0,0,0,no
223,16-30-59-969.png,,0,0,0,0,0,0,0,0,0,0,no
224,16-31-00-018.png,,0,0,0,0,0,0,0,0,0,0,no
225,16-31-00-052.png,,0,0,0,0,0,0,0,0,0,0,no
226,16-31-00-091.png,,0,0,0,0,0,0,0,0,0,0,no
227,16-31-00-139.png,,0,0,0,0,0,0,0,0,0,0,no
228,16-31-00-181.png,,0,0,0,0,0,0,0,0,0,0,no
229,16-31-00-229.png,,0,0,0,0,0,0,0,0,0,0,no
230,16-31-00-273.png,,0,0,0,0,0,0,0,0,0,0,no
231,16-31-00-315.png,,0,0,0,0,0,0,0,0,0,0,no
232,16-31-00-361.png,,0,0,0,0,0,0,0,0,0,0,no
233,16-31-00-415.png,,0,0,0,0,0,0,0,0,0,0,no
234,16-31-00-461.png,,0,0,0,0,0,0,0,0,0,0,no
235,16-31-00-504.png,,0,0,0,0,0,0,0,0,0,0,no
236,16-31-00-547.png,,0,0,0,0,0,0,0,0,0,0,no
237,16-31-00-592.png,,0,0,0,0,0,0,0,0,0,0,no
238,16-31-00-636.png,,0,0,0,0,0,0,0,0,0,0,no
239,16-31-00-670.png,,0,0,0,0,0,0,0,0,0,0,no
240,16-31-00-712.png,,0,0,0,0,0,0,0,0,0,0,no
241,16-31-00-747.png,,0,0,0,0,0,0,0,0,0,0,no
242,16-31-00-793.png,,0,0,0,0,0,0,0,0,0,0,no
243,16-31-00-836.png,,0,0,0,0,0,0,0,0,0,0,no
244,16-31-00-883.png,,0,0,0,0,0,0,0,0,0,0,no
245,16-31-00-927.png,,0,0,0,0,0,0,0,0,0,0,no
246,16-31-00-971.png,arteri,434,217,434,217,559,340,125,123,5.96,5.87,yes
247,16-31-01-019.png,,0,0,0,0,0,0,0,0,0,0,no
248,16-31-01-058.png,,0,0,0,0,0,0,0,0,0,0,no
249,16-31-01-103.png,,0,0,0,0,0,0,0,0,0,0,no
250,16-31-01-151.png,,0,0,0,0,0,0,0,0,0,0,no
251,16-31-01-192.png,,0,0,0,0,0,0,0,0,0,0,no
252,16-31-01-236.png,,0,0,0,0,0,0,0,0,0,0,no
253,16-31-01-280.png,,0,0,0,0,0,0,0,0,0,0,no
254,16-31-01-315.png,,0,0,0,0,0,0,0,0,0,0,no
255,16-31-01-358.png,,0,0,0,0,0,0,0,0,0,0,no
256,16-31-01-407.png,,0,0,0,0,0,0,0,0,0,0,no
257,16-31-01-459.png,,0,0,0,0,0,0,0,0,0,0,no
258,16-31-01-508.png,,0,0,0,0,0,0,0,0,0,0,no
259,16-31-01-549.png,,0,0,0,0,0,0,0,0,0,0,no
260,16-31-01-593.png,,0,0,0,0,0,0,0,0,0,0,no
261,16-31-01-640.png,,0,0,0,0,0,0,0,0,0,0,no
262,16-31-01-678.png,,0,0,0,0,0,0,0,0,0,0,no
263,16-31-01-730.png,,0,0,0,0,0,0,0,0,0,0,no
264,16-31-01-783.png,,0,0,0,0,0,0,0,0,0,0,no
265,16-31-01-829.png,,0,0,0,0,0,0,0,0,0,0,no
266,16-31-01-869.png,,0,0,0,0,0,0,0,0,0,0,no
267,16-31-01-906.png,,0,0,0,0,0,0,0,0,0,0,no
268,16-31-01-946.png,,0,0,0,0,0,0,0,0,0,0,no
269,16-31-01-996.png,,0,0,0,0,0,0,0,0,0,0,no
270,16-31-02-037.png,arteri,444,209,444,209,559,334,115,125,5.49,5.96,yes
271,16-31-02-083.png,,0,0,0,0,0,0,0,0,0,0,no
272,16-31-02-127.png,,0,0,0,0,0,0,0,0,0,0,no
273,16-31-02-170.png,,0,0,0,0,0,0,0,0,0,0,no
274,16-31-02-217.png,,0,0,0,0,0,0,0,0,0,0,no
275,16-31-02-258.png,,0,0,0,0,0,0,0,0,0,0,no
276,16-31-02-304.png,,0,0,0,0,0,0,0,0,0,0,no
277,16-31-02-349.png,,0,0,0,0,0,0,0,0,0,0,no
278,16-31-02-391.png,,0,0,0,0,0,0,0,0,0,0,no
279,16-31-02-435.png,,0,0,0,0,0,0,0,0,0,0,no
280,16-31-02-468.png,,0,0,0,0,0,0,0,0,0,0,no
281,16-31-02-514.png,,0,0,0,0,0,0,0,0,0,0,no
282,16-31-02-557.png,,0,0,0,0,0,0,0,0,0,0,no
283,16-31-02-607.png,,0,0,0,0,0,0,0,0,0,0,no
284,16-31-02-651.png,,0,0,0,0,0,0,0,0,0,0,no
285,16-31-02-693.png,,0,0,0,0,0,0,0,0,0,0,no
286,16-31-02-740.png,,0,0,0,0,0,0,0,0,0,0,no
287,16-31-02-792.png,,0,0,0,0,0,0,0,0,0,0,no
288,16-31-02-839.png,,0,0,0,0,0,0,0,0,0,0,no
289,16-31-02-881.png,,0,0,0,0,0,0,0,0,0,0,no
290,16-31-02-924.png,,0,0,0,0,0,0,0,0,0,0,no
291,16-31-02-970.png,,0,0,0,0,0,0,0,0,0,0,no
292,16-31-03-012.png,,0,0,0,0,0,0,0,0,0,0,no
293,16-31-03-047.png,,0,0,0,0,0,0,0,0,0,0,no
294,16-31-03-093.png,,0,0,0,0,0,0,0,0,0,0,no
295,16-31-03-135.png,arteri,463,204,463,204,580,329,117,125,5.58,5.96,yes
296,16-31-03-180.png,,0,0,0,0,0,0,0,0,0,0,no
297,16-31-03-230.png,,0,0,0,0,0,0,0,0,0,0,no
298,16-31-03-269.png,,0,0,0,0,0,0,0,0,0,0,no
299,16-31-03-315.png,,0,0,0,0,0,0,0,0,0,0,no
300,16-31-03-361.png,,0,0,0,0,0,0,0,0,0,0,no
301,16-31-03-404.png,,0,0,0,0,0,0,0,0,0,0,no
302,16-31-03-448.png,,0,0,0,0,0,0,0,0,0,0,no
303,16-31-03-493.png,,0,0,0,0,0,0,0,0,0,0,no
304,16-31-03-536.png,,0,0,0,0,0,0,0,0,0,0,no
305,16-31-03-583.png,,0,0,0,0,0,0,0,0,0,0,no
306,16-31-03-624.png,,0,0,0,0,0,0,0,0,0,0,no
307,16-31-03-668.png,,0,0,0,0,0,0,0,0,0,0,no
308,16-31-03-701.png,,0,0,0,0,0,0,0,0,0,0,no
309,16-31-03-751.png,,0,0,0,0,0,0,0,0,0,0,no
310,16-31-03-790.png,,0,0,0,0,0,0,0,0,0,0,no
311,16-31-03-838.png,,0,0,0,0,0,0,0,0,0,0,no
312,16-31-03-883.png,,0,0,0,0,0,0,0,0,0,0,no
313,16-31-03-925.png,,0,0,0,0,0,0,0,0,0,0,no
314,16-31-03-971.png,,0,0,0,0,0,0,0,0,0,0,no
315,16-31-04-017.png,,0,0,0,0,0,0,0,0,0,0,no
316,16-31-04-060.png,,0,0,0,0,0,0,0,0,0,0,no
317,16-31-04-106.png,,0,0,0,0,0,0,0,0,0,0,no
318,16-31-04-144.png,,0,0,0,0,0,0,0,0,0,0,no
319,16-31-04-190.png,,0,0,0,0,0,0,0,0,0,0,no
320,16-31-04-238.png,arteri,518,198,518,198,638,316,120,118,5.73,5.63,yes
321,16-31-04-280.png,,0,0,0,0,0,0,0,0,0,0,no
322,16-31-04-325.png,,0,0,0,0,0,0,0,0,0,0,no
323,16-31-04-372.png,,0,0,0,0,0,0,0,0,0,0,no
324,16-31-04-430.png,,0,0,0,0,0,0,0,0,0,0,no
325,16-31-04-481.png,,0,0,0,0,0,0,0,0,0,0,no
326,16-31-04-528.png,,0,0,0,0,0,0,0,0,0,0,no
327,16-31-04-569.png,,0,0,0,0,0,0,0,0,0,0,no
328,16-31-04-614.png,,0,0,0,0,0,0,0,0,0,0,no
329,16-31-04-659.png,,0,0,0,0,0,0,0,0,0,0,no
330,16-31-04-703.png,,0,0,0,0,0,0,0,0,0,0,no
331,16-31-04-748.png,,0,0,0,0,0,0,0,0,0,0,no
332,16-31-04-792.png,,0,0,0,0,0,0,0,0,0,0,no
333,16-31-04-834.png,,0,0,0,0,0,0,0,0,0,0,no
334,16-31-04-869.png,,0,0,0,0,0,0,0,0,0,0,no
335,16-31-04-903.png,,0,0,0,0,0,0,0,0,0,0,no
336,16-31-04-954.png,,0,0,0,0,0,0,0,0,0,0,no
337,16-31-05-004.png,,0,0,0,0,0,0,0,0,0,0,no
338,16-31-05-052.png,,0,0,0,0,0,0,0,0,0,0,no
339,16-31-05-093.png,,0,0,0,0,0,0,0,0,0,0,no
340,16-31-05-138.png,,0,0,0,0,0,0,0,0,0,0,no
341,16-31-05-183.png,,0,0,0,0,0,0,0,0,0,0,no
342,16-31-05-227.png,,0,0,0,0,0,0,0,0,0,0,no
343,16-31-05-269.png,,0,0,0,0,0,0,0,0,0,0,no
344,16-31-05-314.png,arteri,473,198,473,198,591,324,118,126,5.63,6.01,yes
345,16-31-05-358.png,,0,0,0,0,0,0,0,0,0,0,no
346,16-31-05-405.png,,0,0,0,0,0,0,0,0,0,0,no
347,16-31-05-446.png,,0,0,0,0,0,0,0,0,0,0,no
348,16-31-05-491.png,,0,0,0,0,0,0,0,0,0,0,no
349,16-31-05-543.png,,0,0,0,0,0,0,0,0,0,0,no
350,16-31-05-610.png,,0,0,0,0,0,0,0,0,0,0,no
351,16-31-05-661.png,,0,0,0,0,0,0,0,0,0,0,no
352,16-31-05-707.png,,0,0,0,0,0,0,0,0,0,0,no
353,16-31-05-758.png,,0,0,0,0,0,0,0,0,0,0,no
354,16-31-05-804.png,,0,0,0,0,0,0,0,0,0,0,no
355,16-31-05-846.png,,0,0,0,0,0,0,0,0,0,0,no
356,16-31-05-893.png,,0,0,0,0,0,0,0,0,0,0,no
357,16-31-05-936.png,,0,0,0,0,0,0,0,0,0,0,no
358,16-31-05-980.png,,0,0,0,0,0,0,0,0,0,0,no
359,16-31-06-028.png,,0,0,0,0,0,0,0,0,0,0,no
360,16-31-06-065.png,,0,0,0,0,0,0,0,0,0,0,no
361,16-31-06-106.png,,0,0,0,0,0,0,0,0,0,0,no
362,16-31-06-149.png,,0,0,0,0,0,0,0,0,0,0,no
363,16-31-06-193.png,,0,0,0,0,0,0,0,0,0,0,no
364,16-31-06-237.png,,0,0,0,0,0,0,0,0,0,0,no
365,16-31-06-285.png,,0,0,0,0,0,0,0,0,0,0,no
366,16-31-06-326.png,,0,0,0,0,0,0,0,0,0,0,no
367,16-31-06-368.png,,0,0,0,0,0,0,0,0,0,0,no
368,16-31-06-414.png,,0,0,0,0,0,0,0,0,0,0,no
369,16-31-06-459.png,arteri,664,196,664,196,785,308,121,112,5.77,5.34,yes
370,16-31-06-503.png,,0,0,0,0,0,0,0,0,0,0,no
371,16-31-06-548.png,,0,0,0,0,0,0,0,0,0,0,no
372,16-31-06-591.png,,0,0,0,0,0,0,0,0,0,0,no
373,16-31-06-638.png,,0,0,0,0,0,0,0,0,0,0,no
374,16-31-06-683.png,,0,0,0,0,0,0,0,0,0,0,no
375,16-31-06-725.png,,0,0,0,0,0,0,0,0,0,0,no
376,16-31-06-773.png,,0,0,0,0,0,0,0,0,0,0,no
377,16-31-06-816.png,,0,0,0,0,0,0,0,0,0,0,no
378,16-31-06-861.png,,0,0,0,0,0,0,0,0,0,0,no
379,16-31-06-914.png,,0,0,0,0,0,0,0,0,0,0,no
380,16-31-06-957.png,,0,0,0,0,0,0,0,0,0,0,no
381,16-31-07-003.png,,0,0,0,0,0,0,0,0,0,0,no
382,16-31-07-039.png,,0,0,0,0,0,0,0,0,0,0,no
383,16-31-07-080.png,,0,0,0,0,0,0,0,0,0,0,no
384,16-31-07-129.png,,0,0,0,0,0,0,0,0,0,0,no
385,16-31-07-170.png,,0,0,0,0,0,0,0,0,0,0,no
386,16-31-07-214.png,,0,0,0,0,0,0,0,0,0,0,no
387,16-31-07-264.png,,0,0,0,0,0,0,0,0,0,0,no
388,16-31-07-303.png,,0,0,0,0,0,0,0,0,0,0,no
389,16-31-07-350.png,,0,0,0,0,0,0,0,0,0,0,no
390,16-31-07-395.png,,0,0,0,0,0,0,0,0,0,0,no
391,16-31-07-438.png,,0,0,0,0,0,0,0,0,0,0,no
392,16-31-07-482.png,,0,0,0,0,0,0,0,0,0,0,no
393,16-31-07-527.png,arteri,625,201,625,201,750,311,125,110,5.96,5.25,yes
394,16-31-07-569.png,,0,0,0,0,0,0,0,0,0,0,no
395,16-31-07-616.png,,0,0,0,0,0,0,0,0,0,0,no
396,16-31-07-658.png,,0,0,0,0,0,0,0,0,0,0,no
397,16-31-07-702.png,,0,0,0,0,0,0,0,0,0,0,no
398,16-31-07-749.png,,0,0,0,0,0,0,0,0,0,0,no
399,16-31-07-792.png,,0,0,0,0,0,0,0,0,0,0,no
400,16-31-07-836.png,,0,0,0,0,0,0,0,0,0,0,no
401,16-31-07-882.png,,0,0,0,0,0,0,0,0,0,0,no
402,16-31-07-927.png,,0,0,0,0,0,0,0,0,0,0,no
403,16-31-07-973.png,,0,0,0,0,0,0,0,0,0,0,no
404,16-31-08-016.png,,0,0,0,0,0,0,0,0,0,0,no
405,16-31-08-059.png,,0,0,0,0,0,0,0,0,0,0,no
406,16-31-08-107.png,,0,0,0,0,0,0,0,0,0,0,no
407,16-31-08-147.png,,0,0,0,0,0,0,0,0,0,0,no
408,16-31-08-191.png,,0,0,0,0,0,0,0,0,0,0,no
409,16-31-08-238.png,,0,0,0,0,0,0,0,0,0,0,no
410,16-31-08-280.png,,0,0,0,0,0,0,0,0,0,0,no
411,16-31-08-327.png,,0,0,0,0,0,0,0,0,0,0,no
412,16-31-08-371.png,,0,0,0,0,0,0,0,0,0,0,no
413,16-31-08-410.png,,0,0,0,0,0,0,0,0,0,0,no
414,16-31-08-466.png,,0,0,0,0,0,0,0,0,0,0,no
415,16-31-08-514.png,,0,0,0,0,0,0,0,0,0,0,no
416,16-31-08-569.png,,0,0,0,0,0,0,0,0,0,0,no
417,16-31-08-615.png,,0,0,0,0,0,0,0,0,0,0,no
418,16-31-08-661.png,,0,0,0,0,0,0,0,0,0,0,yes
419,16-31-08-700.png,,0,0,0,0,0,0,0,0,0,0,no
420,16-31-08-747.png,,0,0,0,0,0,0,0,0,0,0,no
421,16-31-08-791.png,,0,0,0,0,0,0,0,0,0,0,no
422,16-31-08-828.png,,0,0,0,0,0,0,0,0,0,0,no
423,16-31-08-865.png,,0,0,0,0,0,0,0,0,0,0,no
424,16-31-08-903.png,,0,0,0,0,0,0,0,0,0,0,no
425,16-31-08-948.png,,0,0,0,0,0,0,0,0,0,0,no
426,16-31-08-993.png,,0,0,0,0,0,0,0,0,0,0,no
427,16-31-09-038.png,,0,0,0,0,0,0,0,0,0,0,no
428,16-31-09-085.png,,0,0,0,0,0,0,0,0,0,0,no
429,16-31-09-138.png,,0,0,0,0,0,0,0,0,0,0,no
430,16-31-09-182.png,,0,0,0,0,0,0,0,0,0,0,no
431,16-31-09-222.png,,0,0,0,0,0,0,0,0,0,0,no
432,16-31-09-270.png,,0,0,0,0,0,0,0,0,0,0,no
433,16-31-09-314.png,,0,0,0,0,0,0,0,0,0,0,no
434,16-31-09-350.png,,0,0,0,0,0,0,0,0,0,0,no
435,16-31-09-394.png,,0,0,0,0,0,0,0,0,0,0,no
436,16-31-09-447.png,,0,0,0,0,0,0,0,0,0,0,no
437,16-31-09-490.png,,0,0,0,0,0,0,0,0,0,0,no
438,16-31-09-537.png,,0,0,0,0,0,0,0,0,0,0,no
439,16-31-09-581.png,,0,0,0,0,0,0,0,0,0,0,no
440,16-31-09-628.png,,0,0,0,0,0,0,0,0,0,0,no
441,16-31-09-672.png,,0,0,0,0,0,0,0,0,0,0,no
442,16-31-09-716.png,,0,0,0,0,0,0,0,0,0,0,yes
443,16-31-09-772.png,,0,0,0,0,0,0,0,0,0,0,no
444,16-31-09-815.png,,0,0,0,0,0,0,0,0,0,0,no
445,16-31-09-861.png,,0,0,0,0,0,0,0,0,0,0,no
446,16-31-09-902.png,,0,0,0,0,0,0,0,0,0,0,no
447,16-31-09-949.png,,0,0,0,0,0,0,0,0,0,0,no
448,16-31-09-994.png,,0,0,0,0,0,0,0,0,0,0,no
449,16-31-10-035.png,,0,0,0,0,0,0,0,0,0,0,no
450,16-31-10-082.png,,0,0,0,0,0,0,0,0,0,0,no
451,16-31-10-127.png,,0,0,0,0,0,0,0,0,0,0,no
452,16-31-10-167.png,,0,0,0,0,0,0,0,0,0,0,no
453,16-31-10-219.png,,0,0,0,0,0,0,0,0,0,0,no
454,16-31-10-262.png,,0,0,0,0,0,0,0,0,0,0,no
455,16-31-10-303.png,,0,0,0,0,0,0,0,0,0,0,no
456,16-31-10-352.png,,0,0,0,0,0,0,0,0,0,0,no
457,16-31-10-393.png,,0,0,0,0,0,0,0,0,0,0,no
458,16-31-10-435.png,,0,0,0,0,0,0,0,0,0,0,no
459,16-31-10-481.png,,0,0,0,0,0,0,0,0,0,0,no
460,16-31-10-524.png,,0,0,0,0,0,0,0,0,0,0,no
461,16-31-10-568.png,,0,0,0,0,0,0,0,0,0,0,no
462,16-31-10-615.png,,0,0,0,0,0,0,0,0,0,0,no
463,16-31-10-652.png,,0,0,0,0,0,0,0,0,0,0,no
464,16-31-10-691.png,,0,0,0,0,0,0,0,0,0,0,no
465,16-31-10-740.png,,0,0,0,0,0,0,0,0,0,0,no
466,16-31-10-781.png,,0,0,0,0,0,0,0,0,0,0,no
467,16-31-10-826.png,,0,0,0,0,0,0,0,0,0,0,yes
468,16-31-10-880.png,,0,0,0,0,0,0,0,0,0,0,no
469,16-31-10-927.png,,0,0,0,0,0,0,0,0,0,0,no
470,16-31-10-969.png,,0,0,0,0,0,0,0,0,0,0,no
471,16-31-11-011.png,,0,0,0,0,0,0,0,0,0,0,no
472,16-31-11-058.png,,0,0,0,0,0,0,0,0,0,0,no
473,16-31-11-101.png,,0,0,0,0,0,0,0,0,0,0,no
474,16-31-11-145.png,,0,0,0,0,0,0,0,0,0,0,no
475,16-31-11-193.png,,0,0,0,0,0,0,0,0,0,0,no
476,16-31-11-235.png,,0,0,0,0,0,0,0,0,0,0,no
477,16-31-11-279.png,,0,0,0,0,0,0,0,0,0,0,no
478,16-31-11-326.png,,0,0,0,0,0,0,0,0,0,0,no
479,16-31-11-365.png,,0,0,0,0,0,0,0,0,0,0,no
480,16-31-11-414.png,,0,0,0,0,0,0,0,0,0,0,no
481,16-31-11-458.png,,0,0,0,0,0,0,0,0,0,0,no
482,16-31-11-502.png,,0,0,0,0,0,0,0,0,0,0,no
483,16-31-11-559.png,,0,0,0,0,0,0,0,0,0,0,no
484,16-31-11-601.png,,0,0,0,0,0,0,0,0,0,0,no
485,16-31-11-649.png,,0,0,0,0,0,0,0,0,0,0,no
486,16-31-11-690.png,,0,0,0,0,0,0,0,0,0,0,no
487,16-31-11-736.png,,0,0,0,0,0,0,0,0,0,0,no
488,16-31-11-782.png,,0,0,0,0,0,0,0,0,0,0,no
489,16-31-11-825.png,,0,0,0,0,0,0,0,0,0,0,no
490,16-31-11-868.png,,0,0,0,0,0,0,0,0,0,0,no
491,16-31-11-913.png,,0,0,0,0,0,0,0,0,0,0,yes
492,16-31-11-957.png,,0,0,0,0,0,0,0,0,0,0,no
493,16-31-12-006.png,,0,0,0,0,0,0,0,0,0,0,no
494,16-31-12-058.png,,0,0,0,0,0,0,0,0,0,0,no
495,16-31-12-107.png,,0,0,0,0,0,0,0,0,0,0,no
496,16-31-12-157.png,,0,0,0,0,0,0,0,0,0,0,no
497,16-31-12-205.png,,0,0,0,0,0,0,0,0,0,0,no
498,16-31-12-243.png,,0,0,0,0,0,0,0,0,0,0,no
499,16-31-12-280.png,,0,0,0,0,0,0,0,0,0,0,no
500,16-31-12-324.png,,0,0,0,0,0,0,0,0,0,0,no
501,16-31-12-369.png,,0,0,0,0,0,0,0,0,0,0,no
502,16-31-12-413.png,,0,0,0,0,0,0,0,0,0,0,no
503,16-31-12-461.png,,0,0,0,0,0,0,0,0,0,0,no
504,16-31-12-503.png,,0,0,0,0,0,0,0,0,0,0,no
505,16-31-12-548.png,,0,0,0,0,0,0,0,0,0,0,no
506,16-31-12-597.png,,0,0,0,0,0,0,0,0,0,0,no
507,16-31-12-649.png,,0,0,0,0,0,0,0,0,0,0,no
508,16-31-12-695.png,,0,0,0,0,0,0,0,0,0,0,no
509,16-31-12-738.png,,0,0,0,0,0,0,0,0,0,0,no
510,16-31-12-780.png,,0,0,0,0,0,0,0,0,0,0,no
511,16-31-12-827.png,,0,0,0,0,0,0,0,0,0,0,no
512,16-31-12-862.png,,0,0,0,0,0,0,0,0,0,0,no
513,16-31-12-901.png,,0,0,0,0,0,0,0,0,0,0,no
514,16-31-12-948.png,,0,0,0,0,0,0,0,0,0,0,no
515,16-31-12-991.png,,0,0,0,0,0,0,0,0,0,0,no
516,16-31-13-035.png,,0,0,0,0,0,0,0,0,0,0,yes
517,16-31-13-083.png,,0,0,0,0,0,0,0,0,0,0,no
518,16-31-13-120.png,,0,0,0,0,0,0,0,0,0,0,no
519,16-31-13-180.png,,0,0,0,0,0,0,0,0,0,0,no
520,16-31-13-251.png,,0,0,0,0,0,0,0,0,0,0,no
521,16-31-13-305.png,,0,0,0,0,0,0,0,0,0,0,no
522,16-31-13-358.png,,0,0,0,0,0,0,0,0,0,0,no
523,16-31-13-406.png,,0,0,0,0,0,0,0,0,0,0,no
524,16-31-13-447.png,,0,0,0,0,0,0,0,0,0,0,no
525,16-31-13-491.png,,0,0,0,0,0,0,0,0,0,0,no
526,16-31-13-536.png,,0,0,0,0,0,0,0,0,0,0,no
527,16-31-13-580.png,,0,0,0,0,0,0,0,0,0,0,no
528,16-31-13-625.png,,0,0,0,0,0,0,0,0,0,0,no
529,16-31-13-671.png,,0,0,0,0,0,0,0,0,0,0,no
530,16-31-13-715.png,,0,0,0,0,0,0,0,0,0,0,no
531,16-31-13-761.png,,0,0,0,0,0,0,0,0,0,0,no
532,16-31-13-805.png,,0,0,0,0,0,0,0,0,0,0,no
533,16-31-13-862.png,,0,0,0,0,0,0,0,0,0,0,no
534,16-31-13-905.png,,0,0,0,0,0,0,0,0,0,0,no
535,16-31-13-948.png,,0,0,0,0,0,0,0,0,0,0,no
536,16-31-13-992.png,,0,0,0,0,0,0,0,0,0,0,no
537,16-31-14-035.png,,0,0,0,0,0,0,0,0,0,0,no
538,16-31-14-068.png,,0,0,0,0,0,0,0,0,0,0,no
539,16-31-14-116.png,,0,0,0,0,0,0,0,0,0,0,no
540,16-31-14-160.png,,0,0,0,0,0,0,0,0,0,0,yes
541,16-31-14-199.png,,0,0,0,0,0,0,0,0,0,0,no
542,16-31-14-237.png,,0,0,0,0,0,0,0,0,0,0,no
543,16-31-14-285.png,,0,0,0,0,0,0,0,0,0,0,no
544,16-31-14-336.png,,0,0,0,0,0,0,0,0,0,0,no
545,16-31-14-383.png,,0,0,0,0,0,0,0,0,0,0,no
546,16-31-14-426.png,,0,0,0,0,0,0,0,0,0,0,no
547,16-31-14-470.png,,0,0,0,0,0,0,0,0,0,0,no
548,16-31-14-515.png,,0,0,0,0,0,0,0,0,0,0,no
549,16-31-14-571.png,,0,0,0,0,0,0,0,0,0,0,no
550,16-31-14-624.png,,0,0,0,0,0,0,0,0,0,0,no
551,16-31-14-672.png,,0,0,0,0,0,0,0,0,0,0,no
552,16-31-14-714.png,,0,0,0,0,0,0,0,0,0,0,no
553,16-31-14-758.png,,0,0,0,0,0,0,0,0,0,0,no
554,16-31-14-803.png,,0,0,0,0,0,0,0,0,0,0,no
555,16-31-14-848.png,,0,0,0,0,0,0,0,0,0,0,no
556,16-31-14-907.png,,0,0,0,0,0,0,0,0,0,0,no
557,16-31-14-948.png,,0,0,0,0,0,0,0,0,0,0,no
558,16-31-14-997.png,,0,0,0,0,0,0,0,0,0,0,no
559,16-31-15-038.png,,0,0,0,0,0,0,0,0,0,0,no
560,16-31-15-079.png,,0,0,0,0,0,0,0,0,0,0,no
561,16-31-15-128.png,,0,0,0,0,0,0,0,0,0,0,no
562,16-31-15-169.png,,0,0,0,0,0,0,0,0,0,0,no
563,16-31-15-213.png,,0,0,0,0,0,0,0,0,0,0,no
564,16-31-15-261.png,,0,0,0,0,0,0,0,0,0,0,no
565,16-31-15-302.png,,0,0,0,0,0,0,0,0,0,0,yes
566,16-31-15-347.png,,0,0,0,0,0,0,0,0,0,0,no
567,16-31-15-391.png,,0,0,0,0,0,0,0,0,0,0,no
568,16-31-15-438.png,,0,0,0,0,0,0,0,0,0,0,no
569,16-31-15-483.png,,0,0,0,0,0,0,0,0,0,0,no
570,16-31-15-526.png,,0,0,0,0,0,0,0,0,0,0,no
571,16-31-15-571.png,,0,0,0,0,0,0,0,0,0,0,no
572,16-31-15-617.png,,0,0,0,0,0,0,0,0,0,0,no
573,16-31-15-658.png,,0,0,0,0,0,0,0,0,0,0,no
574,16-31-15-702.png,,0,0,0,0,0,0,0,0,0,0,no
575,16-31-15-749.png,,0,0,0,0,0,0,0,0,0,0,no
576,16-31-15-784.png,,0,0,0,0,0,0,0,0,0,0,no
577,16-31-15-826.png,,0,0,0,0,0,0,0,0,0,0,no
578,16-31-15-870.png,,0,0,0,0,0,0,0,0,0,0,no
579,16-31-15-916.png,,0,0,0,0,0,0,0,0,0,0,no
580,16-31-15-956.png,,0,0,0,0,0,0,0,0,0,0,no
581,16-31-16-008.png,,0,0,0,0,0,0,0,0,0,0,no
582,16-31-16-050.png,,0,0,0,0,0,0,0,0,0,0,no
583,16-31-16-091.png,,0,0,0,0,0,0,0,0,0,0,no
584,16-31-16-140.png,,0,0,0,0,0,0,0,0,0,0,no
585,16-31-16-183.png,,0,0,0,0,0,0,0,0,0,0,no
586,16-31-16-238.png,,0,0,0,0,0,0,0,0,0,0,no
587,16-31-16-278.png,,0,0,0,0,0,0,0,0,0,0,no
588,16-31-16-332.png,,0,0,0,0,0,0,0,0,0,0,no
589,16-31-16-376.png,,0,0,0,0,0,0,0,0,0,0,no
590,16-31-16-426.png,,0,0,0,0,0,0,0,0,0,0,yes
